model_id,volume_id,v_author_m3,v_harness_m3,diff_pct
RA-01,0v_Ukvk3H8$ft080mz_3pK,22.124716,22.124716,0.0
RA-01,3J6Xtu8ADFswR9Oak1jINL,11.242289,11.242289,-1e-06
RA-01,0lIAUK79v1Qgtpm$NL4pX8,11.242289,11.242289,-1e-06
RA-01,196SywVbz0lxaUbAB86s5P,11.242289,11.242289,-1e-06
RA-01,1guNLf$yP4XxVnvjjALBk5,22.124716,22.124716,0.0
RA-01,0QycqvFiTDUxZBTB$GNUm3,72.396351,72.396351,0.0
RA-01,3U_MvK4Hn5v9qQ4x1xKj$X,22.124716,22.124716,0.0
RA-01,3FzDDNoyP6eu6K83qp90ZI,72.396351,72.396351,0.0
RA-01,0JepDr0cr6uOyUDL1uH8R3,22.124716,22.124716,0.0
RA-01,2qWO03rLv6Ix3eFbAYbYRa,72.396351,72.396351,0.0
RA-01,2T_M6_XR187OavaBkY$qZE,11.242289,11.242289,-1e-06
RA-01,3T9X0t5i5CZwKzfxPnEmuw,72.396351,72.396351,0.0
RA-01,16BKatYNb0095YK2zxt57p,11.242289,11.242289,-1e-06
RA-01,3PSyXEkf5E88ZNzHR8bi6k,22.124716,22.124716,0.0
RA-01,2wq30flQf78hZ21neDLFBq,72.396351,72.396351,0.0
RA-01,1KKIXTWdT8heHZ3hsSZwZA,22.124716,22.124716,0.0
RA-01,3YQAkO3i541gbaBZyjgVtE,11.242289,11.242289,-1e-06
RA-01,0jt6xzLS16APu2df6TC4F0,11.242289,11.242289,-1e-06
RA-01,2k$JIFVGf7Ixx06X27j0Te,11.242289,11.242289,-1e-06
RA-01,2MUluHIS19hxl5xyeFBL$q,22.124716,22.124716,0.0
RA-01,03W07_Rff9HAdbckCRLIfj,72.396351,72.396351,0.0
RA-01,3SkZZMPuT7$89jqYZqSHf1,22.124716,22.124716,0.0
RA-01,07DA0wYQfBeAEb4qwJTSTs,72.396351,72.396351,0.0
RA-01,0gGr2m0qP3JRljPKs7gpvI,22.124716,22.124716,0.0
RA-01,0qklr2fUL5CuAK2ZmNrggQ,72.396351,72.396351,0.0
RA-01,3qQXrsDED4KwaYVxjd2ShY,11.242289,11.242289,-1e-06
RA-01,3QF1zC91j7OBHP83s_syz0,72.396351,72.396351,0.0
RA-01,3fSw$_mWL9WeVHk5cPTM86,11.242289,11.242289,-1e-06
RA-01,3UBvRQaabE3QS_tex4rt0f,22.124716,22.124716,0.0
RA-01,0GE4N5HQLFzgffVCVrWaUY,72.396351,72.396351,0.0
RA-01,3WfI2idZDBtfNIEwkbXu8M,4.804588,4.804588,1e-05
RA-01,0W5B3PGT5Bx9sdEnCfiwmY,4.804588,4.804588,1e-05
RA-01,2m3q9noR993uEdVygJK11m,19.043563,19.043563,-2e-06
RA-01,1LaBUYUR53Pxq$OuwxUsod,19.039293,19.039293,-0.0
RA-01,0fwchbH1r5zR_O89iZ8ddS,19.039293,19.039293,-0.0
RA-01,0Ik$LeSlf5WRqyA$1Zjk8r,4.804588,4.804588,1e-05
RA-01,1kOEi4kK189wDDX8d5mZWh,18.842343,18.842343,0.0
RA-01,25gp_VVyD9lvFvbEG2imfd,19.039293,19.039293,-0.0
RA-01,3dN_UoiuPEoua6PhT2axsT,92.569419,92.569419,-0.0
RA-01,14Xi6zQ5H4k9E6QQ0Mf9my,92.563823,92.563823,0.0
RA-01,1D5qDEDY5FURL6B66DMR_2,4.804588,4.804588,1e-05
RA-01,2o06MMfBT6K9zjyA90D4Xe,92.569419,92.569419,-0.0
RA-01,3TzBuD$8DFx9Eo3XTZ8DFj,92.643269,92.643269,-1e-06
RA-01,2LnJPUTQX18AYhtI5UzJk9,92.569419,92.569419,-0.0
RA-01,2LmSEbvmjFfhqJ2_Wm1laO,4.805676,4.805676,-9e-06
RA-01,3VBv$6FjvFe8HwNEPUIZ$m,4.804588,4.804588,1e-05
RA-01,3BjGZwRYz4NPEGeGbaFcBg,4.804588,4.804588,1e-05
RA-01,3Up9T7OpvA4weoaf2xxqnk,19.043563,19.043563,-2e-06
RA-01,0Bcix2yknD4QQ4NucZ2LZ3,19.039293,19.039293,0.0
RA-01,2WnMPs5Xb17QiiJ0MF9q51,19.039293,19.039293,-0.0
RA-01,17VA86q0D8URCFrbTcEx6A,4.804588,4.804588,1e-05
RA-01,2g9hM95gn7BAHEFC0y1yUa,18.842343,18.842343,0.0
RA-01,16WPXvPav859E6mauX8ifr,19.039293,19.039293,-0.0
RA-01,2qRIAnL2jBQQwrIkxhBMur,92.569419,92.569419,1e-06
RA-01,1WK8MVm8X8L94RfnV1m1V6,92.563823,92.563823,0.0
RA-01,2f3yFnZ7L1NvOHbRVc5cJV,4.804588,4.804588,1e-05
RA-01,20fUy5xgL1K9KGDfrpf3OU,92.569419,92.569419,-0.0
RA-01,32B38ytG18mxkajvn7tsMk,92.643269,92.643269,-1e-06
RA-01,05hRmziBT62v3jOhnxFT6Y,92.569419,92.569419,-0.0
RA-01,0O_UfCn_z8ewRPH$8f29Gb,4.805676,4.805676,-9e-06
RA-01,0nb88XKz97ReFHUu5KDaxt,38.009933,38.009933,0.0
RA-01,0_PtgAO3f3LfUgjAn6Hu6c,38.010592,38.010592,-0.0
RA-01,0xHZGfJ3z7CRlJWmfVRBik,38.010592,38.010592,-0.0
RA-01,35yKaUayr2LPWpST3GOIZw,35.664353,35.664353,0.0
RA-01,3JujP4PZb8ERUPExZc3LQp,38.009933,38.009933,0.0
RA-01,099dzJedbEgfA_jVJvvgiJ,11.903917,11.903917,-3e-06
RA-01,3NyFDkHqTEhRMsJhmd0GFV,38.009933,38.009933,0.0
RA-01,2tQbNfNw5ErBlIFlcWbE2S,35.664353,35.664353,0.0
RA-01,2ffyspcUv4rxHDbLRlYw2u,38.010592,38.010592,-0.0
RA-01,0seeBsvzbCsA2V7uLIcyKb,38.009933,38.009933,0.0
RA-01,1uDNScR458nQb2Uji7vhOQ,38.010592,38.010592,-0.0
RA-01,3B4IVY1mL1OB855TfGPpKl,35.664353,35.664353,0.0
RA-01,0p4XV31XH4nRP_0sGMByIc,38.010592,38.010592,-0.0
RA-01,0bJ1uLaIzFOvpvhkN$XOpn,35.664353,35.664353,0.0
RA-01,0qf1mmZjTBMRMW8ttJqleG,35.664353,35.664353,0.0
RA-01,3uGi1h07PDxghqdhyj_CmA,38.009933,38.009933,0.0
RA-01,2Xs6QlytPFWAeqZLKKOezP,11.900526,11.900526,-3e-06
RA-01,0_NR7mqGTDv8K9xdVwLtaV,23.760383,23.760383,1e-06
RA-01,1V0NY3m$XFIulBQ7rRUBma,23.763774,23.763774,2e-06
RA-01,2Uh4jhm8f4_vL1M3gaiGgj,35.664353,35.664353,0.0
RA-01,3hKTsopdvFF9O0PBtGakdR,38.013404,38.013404,1e-06
RA-01,0KZp_xspX8Wv5YWXqKI0MP,38.010592,38.010592,-0.0
RA-01,01KxDcOyH0SeY37Iug96Ad,38.014306,38.014306,-1e-06
RA-01,0wX3Bl_XTAJ8lER5kq87y0,35.664353,35.664353,0.0
RA-01,2JCJQULNz4I9OTEuogyg7J,38.009933,38.009933,0.0
RA-01,1kXAW24bT8ehxAhZCgepH3,35.664353,35.664353,0.0
RA-01,12mU_wKK5E_egTxH2C$KdI,38.013647,38.013647,-1e-06
RA-01,1dFkzi10v3yRLoKy5ClqDV,35.664353,35.664353,0.0
RA-01,1q4aYvpOb4ofO8dYjuyzP1,38.014063,38.014063,1e-06
RA-01,3Ewf5HxH5BcxhnQnPdmSKA,38.009933,38.009933,0.0
RA-01,2axTLszwDBKh8IaEyVc95W,38.010592,38.010592,-0.0
RA-01,2ksjHtO5DDGhKmT4AUwUI0,35.664353,35.664353,0.0
RA-01,2qU65BXOjDMRghSnvl1$15,38.010592,38.010592,-0.0
RA-01,3PTZNBmtHBhvoBsTI2RxL_,23.760383,23.760383,1e-06
RA-01,3KV1JRspz8ouWexgf2wg7u,11.903917,11.903917,-3e-06
RA-01,2LKK3EMPj9C9JwbMLN98ag,38.009933,38.009933,0.0
RA-01,19AFpizAX06gIjmlbRQDfk,35.664353,35.664353,0.0
RA-01,2n8EbY$rj1RQ$ya9rrqSXX,35.664353,35.664353,0.0
RA-01,0V95TNYbX1PfwH1RlgqMqt,35.664353,35.664353,0.0
RA-01,3sjLk6T$b3_OpDigmhkMCw,35.664353,35.664353,0.0
RA-01,1WL_Ozt0f7KA1AZe_oBVDF,38.004813,38.004813,0.0
RA-01,0zDs7RmCL8ZQTVHkltRv6w,38.015712,38.015712,0.0
RA-01,3ag6dIWSn53eKSpQdeBvW1,9.861944,9.861944,-4e-06
RA-01,37jI6CAIz8UOw$qo$BQNpy,9.861944,9.861944,-4e-06
RA-01,0EZhvaDun6GBGfyb_I7eyU,9.861944,9.861944,-4e-06
RA-01,05ZnuSGOD1Mf9W1inU9YZo,38.004813,38.004813,0.0
RA-01,33_o3qLuT6R813gZk2l2TJ,25.802356,25.802356,0.0
RA-01,0o9e6L43H3rgDeWFz6tuEz,38.015712,38.015712,0.0
RA-01,19_wX24lz2HgsjUlrtrRuT,25.802356,25.802356,0.0
RA-01,3jZHtXj$X1wuktH$jfGS2_,38.015712,38.015712,0.0
RA-01,0oATbNEJL0kuCUdYJTyTBK,38.016036,38.016036,-1e-06
RA-01,3Iwj2SKh1EY9eya8U_IOJh,25.802356,25.802356,0.0
RA-01,1s0C_q361D_ufLaGCTU9nJ,9.861986,9.861986,5e-06
RA-01,3uSBpk4gb47fDgxC$BrK2I,25.802356,25.802356,0.0
RA-01,1xZCHUKgnDcuUGz1Sf6bw0,38.004813,38.004813,0.0
RA-01,2JhWAiemz8$vWCNCZRQ$7v,9.861944,9.861944,-4e-06
RA-01,3ksiAynETBF9oMFT_0a8w4,38.015712,38.015712,0.0
RA-01,38c71qPSjCxOubBVqqU3ON,38.004813,38.004813,0.0
RA-01,2NENjR9A50iR7mhZi9QIky,38.004813,38.004813,0.0
RA-01,0ZdLQ0aRb7$RxLLRWu7nQb,25.802356,25.802356,0.0
RA-01,0Tgpt8vVDCegvVMhCoCQxa,38.004813,38.004813,0.0
RA-01,0x37H8kND80QKgLN3tT4s6,38.015712,38.015712,0.0
RA-01,1_ZKmiyxb9bAvCYPaI8fyX,9.861944,9.861944,-4e-06
RA-01,3$dO2Cqtf2ghjaWR_i7emg,9.861944,9.861944,-4e-06
RA-01,1k4fS51mTETxzU0_YTXBbS,9.861944,9.861944,-4e-06
RA-01,32Z942e9n2APjrpXe6Araw,38.004813,38.004813,0.0
RA-01,0rWfxolgP4lea5bh97P$8m,25.802356,25.802356,0.0
RA-01,0h9eWIZszAPxlmsGb$uui1,38.015712,38.015712,0.0
RA-01,2ElUjenkj6rPeXtjB4anPa,25.802356,25.802356,0.0
RA-01,0nWWP7D5f7POlX5wW_1VbQ,38.015712,38.015712,0.0
RA-01,3FJYPzGsbFqOVwD6pSdemL,38.016036,38.016036,-1e-06
RA-01,1WN11damb5TPUsdK4_GYif,25.802356,25.802356,0.0
RA-01,2_yslftrLCugVObUTlP2hg,9.861986,9.861986,5e-06
RA-01,0pvRnLEFnDlgJwhVZiBzzI,25.802356,25.802356,0.0
RA-01,0BKK6G5NT2fRAT989kGONH,38.004813,38.004813,0.0
RA-01,1eFIAClp166Pj4rxKt9bST,9.861944,9.861944,-4e-06
RA-01,357OJ48xr4Bx6pAj7ukDyU,38.015712,38.015712,0.0
RA-01,1Y6vtQKwbB$gq_wQBBgZaZ,38.004813,38.004813,0.0
RA-01,33Uz3FAUrDrgPUbkgYR3Vf,38.004813,38.004813,0.0
RA-01,0XuK1zyDLBLfW3sPJOAJdq,25.802356,25.802356,0.0
RA-02,22lJvI_rz50umvUizzyEQi,0.0,1.892141,99999974752.30327
RA-02,2dFicWHgz1KPbr5tHWzMcP,0.0,53.315617,99999999811.65816
RA-02,3ZMk1e17XESP$vROePi38_,0.0,9.691548,100000003201.8462
RA-02,0ldLkGDpv5wRT1Q$Q3V2M1,0.0,17.846832,100000002493.7377
RA-02,2Nn5OYLeT9FBcLTcY8oegS,0.0,19.526984,100000000908.86037
RA-02,3c9gfBnpXAtgB1oHgYsgIs,0.0,16.664223,99999999308.91333
RA-03,3UEb2iq7D2tOgbX6Mufs$X,66.528,66.528,0.0
RA-03,2xcLNHPon6VO6wB_n0EQLF,68.904,68.904,0.0
RA-03,2Hh$tXimL1_Aogi9jn1cZ4,68.904,68.904,0.0
RA-03,2sVpKMTdb3u8IUv50wOLpo,68.904,68.904,0.0
RA-03,0V74RtuUH1zQt_CcawQbBc,68.904,68.904,0.0
RA-03,0dXE$xLxz8MwbtYoTqJPiO,357.048,357.048,0.0
RA-03,2G3Zgh3YLFBxViczryC8tv,33.264,33.264,0.0
RA-03,1pG7ErnqL79fYOSoJhY$mD,34.452,34.452,0.0
RA-03,2NO$Il8fr1n8x3zsU1IoYc,33.264,33.264,0.0
RA-03,3vTaz$m4D7Mw20Cj4ZCMEW,33.264,33.264,0.0
RA-03,29dtO28k16G9baf14UO37j,33.264,33.264,0.0
RA-03,3YOWN6kp53UhVDk7gccfjD,33.264,33.264,0.0
RA-03,25NDKbpWH5r94ho13fJMeb,30.888,30.888,0.0
RA-03,3cjnMny5DF0g1J6kKZWO4Y,95.58,95.58,0.0
RA-03,2Zmi8kumn3P9N9wBPT48lG,31.86,31.86,0.0
RA-03,3Gz7u_d1P7IA35Wmtg48Rc,126.846,126.846,0.0
RA-03,1nsRm1QQb1xwWpzzFR7Ax3,34.452,34.452,0.0
RA-03,3EN96kdYDB2OOGjNLp8e86,30.888,30.888,0.0
RA-03,1_Evy7T$DCiwLgTMLHCRoe,68.904,68.904,0.0
RA-03,3eQ_MQ5er5UeRXq4xxAoKl,68.904,68.904,0.0
RA-03,3KaloR8018sAKZVwuYVbSu,95.58,95.58,0.0
RA-03,03hhkFXKT4RPFNu5rDrZPL,66.528,66.528,0.0
RA-03,1oKaKV7Wz8IOJ10cA1PGWP,34.452,34.452,0.0
RA-03,3j5r$vfHT3JfqUfpdRoXnP,34.452,34.452,0.0
RA-03,3t8qjHTuTAigDlC1x7D16b,33.264,33.264,0.0
RA-03,1DxredyET5bf_85HZe8$FO,105.732,105.732,0.0
RA-03,2ED0MLfrf17BXIsuJYCs7R,33.264,33.264,0.0
RA-03,1loQAAB191MA5YmsaMJHkI,33.264,33.264,0.0
RA-03,3Xu6SpY4vC89stuKlMWE2n,33.264,33.264,0.0
RA-03,3yAAZZ86j388XApaG$h1X6,30.888,30.888,0.0
RA-03,3$FatfHY1Cg9apAMwbKPN8,102.168,102.168,0.0
RA-03,0_TtqXcOrDbeTXyb5q0Uxb,95.58,95.58,0.0
RA-03,25QUQJ9jHAFengkpc9N7GR,34.452,34.452,0.0
RA-03,0jhU4VZ6XCxee3pjfx5VMh,104.544,104.544,0.0
RA-03,1RP4kkhTDFJuLugWfrM_1s,224.532,224.532,0.0
RA-03,25CC32yK130ALlKsnej9JW,95.58,95.58,0.0
RA-03,37pP75EaP1axQNg3rWc_WT,34.452,34.452,0.0
RA-03,0f6kjO4cnBngLgZgtaoBTE,34.452,34.452,0.0
RA-03,3XJSZHVdLFTQTPYNfhA6a2,95.58,95.58,0.0
RA-03,1AW8GAtUnEYB9XPWOUYKK5,33.264,33.264,0.0
RA-03,0uPiF9LkPAqeB8f54Uy3_C,126.846,126.846,0.0
RA-03,24vVAUYDH2SetutQQsZBMv,102.168,102.168,0.0
RA-03,2goaA6RR92B9xducYbaQVU,68.904,68.904,0.0
RA-03,0i4GPkF$j1$P1_N4yoKfHm,33.264,33.264,0.0
RA-03,2Yd3UbuHLF0P7Q5pq$wqrF,30.888,30.888,0.0
RA-03,1GtYUXG753_h6i4vKAf46v,33.264,33.264,0.0
RA-03,0VWZeARNT8IAUcPL5OoYiA,33.264,33.264,0.0
RA-03,3kV3mGMIX3BvUw5dL_lJVg,33.264,33.264,0.0
RA-03,1yZQvqj15Ab8eMXDuz85Dy,68.904,68.904,0.0
RA-03,0uC7OD3$5F7v$zL3aaoEig,66.528,66.528,0.0
RA-03,2E2TaOnqD0chpbuH8tXCpW,30.888,30.888,0.0
RA-03,3shuyF_Yb7yu2P$QLB2s8G,68.904,68.904,0.0
RA-03,0UiHARbFzF1RT4g_GKem_B,68.904,68.904,0.0
RA-03,1LVv$xQpj6k8KE6pcNlDDU,33.264,33.264,0.0
RA-03,1a3ixYyUn0QO4HWUYKN$4p,33.264,33.264,0.0
RA-03,3iSzpa9d93jhTDB7hG0QBW,33.264,33.264,0.0
RA-03,0K6ICBa1zCjvUnsy8qMIRC,33.264,33.264,0.0
RA-03,3M3dydUxH2hR7Uvg9QNhS$,34.452,34.452,0.0
RA-03,2lebmw3XD9w9PIIn4HKbwh,68.904,68.904,0.0
RA-03,09m2tgyfr9UfikvrKFMkeD,68.904,68.904,0.0
RA-03,0dc6ovxJLDww6sjSpu_cfN,68.904,68.904,0.0
RA-03,0U5AcnRYX7aw$OIZXqMUaR,68.904,68.904,0.0
RA-03,1jJ7opRcX6uevup8Hnq0$2,33.264,33.264,0.0
RA-03,30oDtenHrAwuYDgWTayiN$,33.264,33.264,0.0
RA-03,3$PC9MkEH1Ex24UD3VHyzP,33.264,33.264,0.0
RA-03,0Veunyhgf7QxfJXezc1Ydu,33.264,33.264,0.0
RA-03,1vWhxAiTL1RR3r4R3eC2Vv,68.904,68.904,0.0
RA-03,3uvYP4OyH5ufyPIMbZD86h,66.528,66.528,0.0
RA-03,0oB0YIgnPE49CsBpGIdxOR,33.264,33.264,0.0
RA-03,3jurQKaejCqgtlRMQvYO$h,33.264,33.264,0.0
RA-03,1I4mvNGj58VPS4IqdvGDOQ,33.264,33.264,0.0
RA-03,3BlfjPTqH1qeG63Yox0pCX,33.264,33.264,0.0
RA-03,1qHIiTcLf7zwz3pTXujZ3t,30.888,30.888,0.0
RA-03,0jh6L39QvEQu8mVKX3j43f,34.452,34.452,0.0
RA-03,3zaEFaiGrF1ftyFPQrOe_i,66.528,66.528,0.0
RA-03,3i9iiZlcT5eQkuRPP$TrLS,30.888,30.888,0.0
RA-03,3gYFdGsxTBa9PFlMvRAaiF,95.58,95.58,0.0
RA-03,2mSYEw1YLDvhMYvUr3eREJ,126.846,126.846,0.0
RA-03,3CXBDjcSTES8AedjLKSfJe,95.58,95.58,0.0
RA-03,3txvJd9V1BPhyU$48F$mnF,544.806,251.633441,-53.812285
RA-03,0jbV$RErb7o9P7rp7ALEd$,544.806,251.633441,-53.812285
RA-03,2_rG4oliv3CxmStpGPieup,195.372,162.398845,-16.877114
RA-05,347jFE2yX7IhCEIALmupEH,55.18125,55.18125,0.0
RA-05,0e_hbkIQ5DMQlIJ$2V3j_m,31.25675,31.25675,0.0
RA-05,2RSCzLOBz4FAK$_wE8VckM,32.4625,32.4625,0.0
RA-05,0Lt8gR_E9ESeGH5uY_g9e9,64.971375,64.971375,0.0
RA-05,3$f2p7VyLB7eox67SA_zKE,28.8285,28.65522,-0.601072
RA-05,17JZcMFrf5tOftUTidA0d3,40.763625,40.763625,-0.0
RA-05,2dQFggKBb1fOc1CqZDIDlx,428.64,217.532465,-49.250545
RA-06,3w0zWKm7n8SB1qbfwUzt0U,0.0,129.987063,100000000284.65364
RA-06,3w0zWKm7n8SB1qbfwUzt0J,0.0,38.541953,99999999575.67781
RA-06,3w0zWKm7n8SB1qbfwUzt0G,0.0,21.733766,100000001625.4258
RA-06,09J5N7xMHBfQZeQGAEMota,0.0,76.465516,100000000426.1849
